Date,Open,High,Low,Close,Adj Close,Volume
2018-04-19,85.5,85.849998,84,85.300003,85.300003,111502
2018-04-20,85.300003,85.75,84.150002,85.199997,85.199997,54858
2018-04-23,85.599998,86.449997,85.050003,86.050003,86.050003,83147
2018-04-24,86,86.25,83.5,83.75,83.75,66273
2018-04-25,83.099998,83.25,81.5,82,82,86435
2018-04-26,81.900002,85,81.75,84.900002,84.900002,50301
2018-04-27,85.349998,86,84.800003,85.699997,85.699997,79426
2018-04-30,86.300003,86.900002,85.550003,86,86,84912
2018-05-02,86.75,89.400002,86.400002,89.099998,89.099998,145830
2018-05-03,88.550003,89.849998,86.599998,86.599998,86.599998,95242
2018-05-04,87.199997,88.5,85.650002,86.349998,86.349998,72037
2018-05-07,87.099998,89.599998,87.099998,89.25,89.25,75826
2018-05-08,89.050003,89.5,87.650002,88.5,88.5,78176
2018-05-09,88.699997,89.099998,88.099998,88.900002,88.900002,46805
2018-05-10,89.25,92.599998,89.150002,91.75,91.75,145314
2018-05-11,91.900002,91.949997,87.5,88.699997,88.699997,130330
2018-05-14,89.75,90.199997,88.800003,89.849998,89.849998,97776
2018-05-15,90.449997,91.800003,89.650002,89.75,89.75,121327
2018-05-16,89.550003,90.949997,89.050003,89.349998,89.349998,80528
2018-05-17,89.199997,90.849998,89.099998,89.550003,89.550003,75404
2018-05-18,89.5,92,89.5,91,91,101938
2018-05-21,91,91,91,91,91,0
2018-05-22,91.400002,93.400002,91.400002,92.699997,92.699997,103614
2018-05-23,92.5,92.5,89.949997,91.25,91.25,61060
2018-05-24,91.449997,93.099998,90.849998,91.349998,91.349998,53402
2018-05-25,91.349998,93.099998,90.800003,91.300003,91.300003,46730
2018-05-28,91.050003,91.050003,89.150002,90.349998,90.349998,70658
2018-05-29,89.5,90.099998,87.599998,89.699997,89.699997,118649
2018-05-30,89.449997,91.949997,89.400002,91.349998,91.349998,82466
2018-05-31,91.550003,92.300003,88.199997,89.050003,89.050003,104571
2018-06-01,89.599998,92.300003,89.449997,91.449997,91.449997,91039
2018-06-04,92,93.699997,90.900002,91.550003,91.550003,103065
2018-06-05,91.949997,93.699997,91.400002,92.300003,92.300003,86982
2018-06-06,92.849998,93.5,92.099998,92.199997,92.199997,59395
2018-06-07,92.449997,93,90.599998,90.800003,90.800003,70610
2018-06-08,90.199997,91.949997,89.25,91,91,78624
2018-06-11,91.199997,94.949997,91.199997,93.900002,93.900002,116851
2018-06-12,94.400002,95.849998,94.300003,94.5,94.5,94383
2018-06-13,94.800003,96.699997,94.650002,95.650002,95.650002,126702
2018-06-14,95.349998,97.699997,95.25,97.25,97.25,126037
2018-06-15,97,99.199997,95.75,96.300003,96.300003,466545
2018-06-18,96.199997,99.099998,96.199997,98.25,98.25,138530
2018-06-19,97.300003,98.25,95.449997,97.099998,97.099998,135805
2018-06-20,97.949997,102.599998,97.75,102,102,196106
2018-06-21,102.800003,104.400002,100.900002,102.400002,102.400002,151342
2018-06-22,102.800003,105.199997,102.599998,104.900002,104.900002,101195
2018-06-25,105.800003,106,103.900002,104,104,104195
2018-06-26,103.099998,105.199997,103,103.699997,103.699997,127448
2018-06-27,103.400002,105.599998,101.300003,103.900002,103.900002,112366
2018-06-28,103.900002,105,100.800003,102.199997,102.199997,130416
2018-06-29,103.199997,105.099998,102.800003,105,105,142419
2018-07-02,103.300003,105.900002,102.300003,105.599998,105.599998,125204
2018-07-03,105.699997,108.599998,105.199997,106.400002,106.400002,125174
2018-07-04,105.900002,107,104.599998,106.699997,106.699997,94450
2018-07-05,106.699997,107.5,104.300003,105.300003,105.300003,125654
2018-07-06,105.599998,107.300003,105.599998,106.599998,106.599998,120137
2018-07-09,107,109.099998,106.699997,107.900002,107.900002,127516
2018-07-10,108.599998,109.199997,107.5,109.199997,109.199997,116602
2018-07-11,108.800003,109.900002,107.5,109,109,121421
2018-07-12,109.599998,109.900002,106.699997,108.300003,108.300003,205116
2018-07-13,107.900002,108.5,106.900002,108.400002,108.400002,65395
2018-07-16,108,110.099998,107.300003,109.099998,109.099998,108248
2018-07-17,108.699997,111.699997,108,111.5,111.5,148972
2018-07-18,112.300003,113.800003,112.199997,113.199997,113.199997,110694
2018-07-19,118.599998,119.199997,114.800003,117.400002,117.400002,277853
2018-07-20,117.5,122.400002,117,120.400002,120.400002,221168
2018-07-23,120.5,124.900002,119.5,121.5,121.5,192747
2018-07-24,122.199997,123.900002,120.300003,122,122,154670
2018-07-25,121.5,123.5,120.5,121,121,180696
2018-07-26,122,122.400002,118.199997,119.5,119.5,261226
2018-07-27,119.5,119.699997,118.300003,119.099998,119.099998,125732
2018-07-30,116.699997,117.599998,114.400002,114.699997,114.699997,197215
2018-07-31,114,114.5,110.599998,112.400002,112.400002,270474
2018-08-01,111.900002,115.800003,111.900002,113.900002,113.900002,146256
2018-08-02,112,115.099998,107.699997,108.400002,108.400002,181190
2018-08-03,106.699997,107.900002,104.099998,105,105,218920
2018-08-06,105.099998,107.900002,105,107.099998,107.099998,147352
2018-08-07,107.300003,108.300003,106.599998,107,107,105010
2018-08-08,107.300003,107.400002,105.400002,105.800003,105.800003,104337
2018-08-09,105.599998,107.300003,105,107,107,87049
2018-08-10,106.5,106.800003,105.400002,105.599998,105.599998,82856
2018-08-13,105.099998,106.5,104.400002,105.699997,105.699997,71851
2018-08-14,105.5,105.5,100.300003,100.800003,100.800003,203501
2018-08-15,100.199997,101.900002,97.349998,97.800003,97.800003,227202
2018-08-16,97.75,100.099998,97.75,98.699997,98.699997,110172
2018-08-17,99.349998,100.300003,97.900002,98.800003,98.800003,113622
2018-08-20,98.699997,100.900002,98.699997,99.949997,99.949997,96287
2018-08-21,100,101.099998,98.650002,100.599998,100.599998,92031
2018-08-22,98.699997,101.199997,97.550003,100.800003,100.800003,152029
2018-08-23,100.599998,102.5,100.599998,102.199997,102.199997,110521
2018-08-24,101.800003,102.699997,100.199997,101,101,105836
2018-08-27,102,102.599998,101.099998,101.900002,101.900002,84593
2018-08-28,102,102,100.099998,101,101,81535
2018-08-29,101,102.5,100.800003,102.099998,102.099998,79149
2018-08-30,102,102.5,101,102,102,82388
2018-08-31,101.5,102,100.900002,101.699997,101.699997,146640
2018-09-03,101.400002,101.699997,99.25,100.300003,100.300003,108804
2018-09-04,100.199997,101.099998,98.949997,99.199997,99.199997,99853
2018-09-05,98.849998,99,96.599998,96.599998,96.599998,134715
2018-09-06,96.199997,97.5,95.349998,95.349998,95.349998,145321
2018-09-07,92.800003,96.599998,91.300003,95.150002,95.150002,204151
2018-09-10,95,96.300003,93.699997,95.199997,95.199997,122910
2018-09-11,95.449997,97.050003,94.699997,96.400002,96.400002,163464
2018-09-12,96.5,97.5,95.949997,96.25,96.25,142784
2018-09-13,97.599998,100.099998,94.949997,94.949997,94.949997,245723
2018-09-14,95.300003,97.699997,94.199997,97.400002,97.400002,190478
2018-09-17,97.300003,97.300003,95.400002,96.699997,96.699997,87916
2018-09-18,96.699997,96.699997,92.550003,94.25,94.25,182637
2018-09-19,94,94.599998,92.050003,93.349998,93.349998,151204
2018-09-20,93.300003,94.050003,92.5,93.699997,93.699997,86371
2018-09-21,94.550003,94.550003,92.599998,92.599998,92.599998,479142
2018-09-24,92.099998,92.800003,90.400002,91.050003,91.050003,144491
2018-09-25,90.800003,92.900002,90.800003,91.900002,91.900002,96172
2018-09-26,92.300003,93.150002,91.75,93.150002,93.150002,112269
2018-09-27,92.800003,93.199997,90.150002,91.199997,91.199997,160009
2018-09-28,91.550003,92.75,90.900002,92.099998,92.099998,215828
2018-10-01,92.400002,95.699997,92.099998,95.650002,95.650002,235500
2018-10-02,95.300003,95.5,91.400002,92.150002,92.150002,318278
2018-10-04,92.599998,93.25,87.949997,87.949997,87.949997,272459
2018-10-05,87.75,88,85.050003,85.75,85.75,226493
2018-10-08,86,86.050003,82.800003,83.400002,83.400002,183226
2018-10-09,83.099998,83.599998,80.599998,81.900002,81.900002,258609
2018-10-10,81.949997,82.199997,78.849998,78.849998,78.849998,210255
2018-10-11,77.25,82.300003,77,80.349998,80.349998,383817
2018-10-12,82.25,82.900002,80,81.449997,81.449997,300197
2018-10-15,81.449997,81.949997,79.949997,80.900002,80.900002,143458
2018-10-16,81.099998,84.150002,80.199997,83.849998,83.849998,175356
2018-10-17,84.449997,86.099998,83.400002,84.099998,84.099998,155938
2018-10-18,84.599998,86.5,84.150002,85.699997,85.699997,182915
2018-10-19,86,86.199997,83.400002,85.349998,85.349998,133918
2018-10-22,85.550003,85.900002,83.5,84.050003,84.050003,118884
2018-10-23,83.599998,83.75,79.949997,80.199997,80.199997,234956
2018-10-24,80.550003,81.650002,79.150002,79.550003,79.550003,206501
2018-10-25,78.5,79.300003,76.550003,78.25,78.25,218976
2018-10-26,77.599998,78.800003,76.449997,77.75,77.75,133277
2018-10-29,77.900002,81.550003,77.849998,80.349998,80.349998,160178
2018-10-30,80.800003,80.800003,76.900002,78.800003,78.800003,227825
2018-10-31,79.900002,83.099998,78.949997,81.800003,81.800003,234783
2018-11-01,81.849998,96.300003,81.849998,95.25,95.25,785977
2018-11-02,96.800003,97.650002,94.349998,94.800003,94.800003,416042
2018-11-05,95.449997,99.5,94.800003,94.949997,94.949997,237699
2018-11-06,97.800003,104,96.949997,102.5,102.5,468031
2018-11-07,101.5,106.199997,99,105.900002,105.900002,313860
2018-11-08,107,109.800003,107,109.300003,109.300003,288826
2018-11-09,107.900002,108.599998,105.599998,106.199997,106.199997,197696
2018-11-12,106.5,107.400002,99.650002,100.199997,100.199997,271114
2018-11-13,100.5,102.699997,98.5,101.5,101.5,168190
2018-11-14,101.099998,101.699997,96.800003,97.300003,97.300003,257972
2018-11-15,97.25,98.449997,94.800003,96.75,96.75,149652
2018-11-16,97.949997,101,97.949997,99.75,99.75,185602
2018-11-19,100.5,101.300003,96.75,97,97,119376
2018-11-20,96.099998,96.949997,92.300003,93.800003,93.800003,218300
2018-11-21,94.25,95.099998,92.800003,94.599998,94.599998,190658
2018-11-22,94.5,98.449997,94.300003,97.849998,97.849998,158599
2018-11-23,97.800003,100.699997,96.900002,100,100,136007
2018-11-26,100.900002,102.800003,100.099998,102.300003,102.300003,133726
2018-11-27,102.099998,103.099998,98.150002,100.199997,100.199997,181730
2018-11-28,100.300003,101.300003,99.5,100,100,101342
2018-11-29,100.800003,101.400002,99.949997,100.400002,100.400002,148180
2018-11-30,101,102,100,100.900002,100.900002,161178
2018-12-03,104.199997,104.699997,100.800003,103.699997,103.699997,154810
2018-12-04,103.5,103.599998,99.650002,99.900002,99.900002,184491
2018-12-05,98.099998,99.75,97.25,98.650002,98.650002,144503
2018-12-06,96,97.099998,95.050003,95.400002,95.400002,208010
2018-12-07,96.599998,100.400002,96.150002,98.25,98.25,318580
2018-12-10,101.400002,101.800003,98.5,98.699997,98.699997,184722
2018-12-11,100.099998,100.400002,96.699997,97.599998,97.599998,140242
2018-12-12,98.199997,100.699997,96.449997,100.199997,100.199997,199858
2018-12-13,100.5,101.400002,98.5,99.300003,99.300003,83125
2018-12-14,98.300003,98.300003,96.150002,97,97,108901
2018-12-17,97.199997,99.5,95.199997,97.150002,97.150002,137429
2018-12-18,96.349998,96.349998,93.150002,93.75,93.75,175703
2018-12-19,93.849998,95.199997,92.300003,93.699997,93.699997,140941
2018-12-20,92.150002,92.849998,90.800003,91.449997,91.449997,150300
2018-12-21,90.25,92,89.599998,92,92,253160
2018-12-27,90.650002,91.199997,86.400002,87.199997,87.199997,236472
2018-12-28,87.199997,89.150002,86.25,88.949997,88.949997,113229
2019-01-02,88.849998,92.25,87.199997,90.5,90.5,160762
2019-01-03,89.75,89.75,86.550003,88.800003,88.800003,187643
2019-01-04,89.849998,93.050003,88.449997,92.75,92.75,159397
2019-01-07,93.5,98.5,93.050003,98.25,98.25,195250
2019-01-08,98.75,99.949997,97.300003,99.300003,99.300003,170125
2019-01-09,100.5,102.5,99.550003,100.800003,100.800003,143668
2019-01-10,100.400002,102.099998,98.25,101.300003,101.300003,172778
2019-01-11,101.699997,104.800003,101,102.900002,102.900002,250287
2019-01-14,102.099998,102.300003,99.400002,100.599998,100.599998,117117
2019-01-15,101.400002,104.800003,101.400002,104,104,159740
2019-01-16,104,105,103,103.800003,103.800003,103484
2019-01-17,103.599998,104.900002,101.699997,102.300003,102.300003,128816
2019-01-18,103.699997,104,100.400002,101.599998,101.599998,135365
2019-01-21,101.300003,104.400002,101,103.300003,103.300003,74612
2019-01-22,102.900002,103.400002,102,102.800003,102.800003,88661
2019-01-23,101.599998,103.699997,100.699997,103,103,85634
2019-01-24,103.199997,103.5,101.800003,102.599998,102.599998,83755
2019-01-25,103.099998,105.5,102.5,105,105,109535
2019-01-28,97,99.949997,96.349998,96.900002,96.900002,543103
2019-01-29,97,98.25,95.25,96.650002,96.650002,162036
2019-01-30,96.650002,97.5,93.5,95.050003,95.050003,150079
2019-01-31,95.5,95.949997,92.449997,94.300003,94.300003,166585
2019-02-01,94.5,95.650002,93.25,93.800003,93.800003,116728
2019-02-04,94,95.199997,93.099998,94.650002,94.650002,89743
2019-02-05,95.449997,95.699997,93.550003,94.949997,94.949997,72204
2019-02-06,95.699997,96.25,94.300003,94.849998,94.849998,106548
2019-02-07,94.599998,96.5,93,93.449997,93.449997,114800
2019-02-08,92.699997,93.800003,91.599998,93.150002,93.150002,99102
2019-02-11,93.25,94.949997,93.25,94.150002,94.150002,73396
2019-02-12,95,97.25,95,96,96,124581
2019-02-13,96.599998,99.25,96.150002,97.050003,97.050003,128187
2019-02-14,97.449997,98.699997,96.349998,96.449997,96.449997,101834
2019-02-15,96.300003,97.699997,94.650002,97.5,97.5,99176
2019-02-18,97.599998,98.900002,97.5,98.300003,98.300003,94869
2019-02-19,97.650002,98.699997,94.400002,95.25,95.25,316369
2019-02-20,95.349998,95.849998,94.099998,94.699997,94.699997,136628
2019-02-21,95.75,96.550003,92.849998,93.650002,93.650002,110513
2019-02-22,93.699997,94,90.800003,91.699997,91.699997,115012
2019-02-25,91.900002,92.150002,91.050003,91.650002,91.650002,92531
2019-02-26,91.550003,92.099998,90.699997,92,92,89961
2019-02-27,91.5,92.150002,87.699997,89.25,89.25,211730
2019-02-28,88.900002,90.599998,88.800003,90.300003,90.300003,177596
2019-03-01,91.050003,92.550003,90.699997,92,92,190426
2019-03-04,92.599998,93.650002,91.949997,92.25,92.25,105442
2019-03-05,91.900002,93.449997,91.349998,93.300003,93.300003,111659
2019-03-06,93.199997,93.300003,89.699997,89.949997,89.949997,157675
2019-03-07,89.75,89.849998,87.050003,88.5,88.5,172911
2019-03-08,89.400002,89.5,86.099998,86.099998,86.099998,199488
2019-03-11,86.5,86.849998,84.550003,85.5,85.5,177155
2019-03-12,86.300003,86.949997,86.050003,86.550003,86.550003,115515
2019-03-13,85.75,86.949997,85.550003,86.849998,86.849998,110159
2019-03-14,86.800003,87.550003,83.5,87.050003,87.050003,271804
2019-03-15,86.949997,87.5,85.5,85.900002,85.900002,205568
2019-03-18,86.25,86.25,82.349998,83.699997,83.699997,227378
2019-03-19,83.849998,85.25,83.550003,83.599998,83.599998,108690
2019-03-20,83.900002,84.849998,83.25,84.349998,84.349998,131450
2019-03-21,84.050003,84.099998,79.699997,83,83,282395
2019-03-22,83,83.599998,81.949997,81.949997,81.949997,108203
2019-03-25,81.199997,82.449997,80.300003,80.900002,80.900002,116035
2019-03-26,80.800003,83.849998,80.25,83.800003,83.800003,128932
2019-03-27,83.949997,83.949997,80.699997,81.550003,81.550003,141017
2019-03-28,81.300003,82.449997,80.699997,80.900002,80.900002,92159
2019-03-29,81.5,81.900002,80.25,81.150002,81.150002,103535
2019-04-01,81.400002,85,81.349998,85,85,140682
2019-04-02,86.199997,87.949997,85.050003,87.800003,87.800003,278193
2019-04-03,88.5,90.550003,88.5,89.800003,89.800003,201853
2019-04-04,89.449997,90,88.25,89.400002,89.400002,177959
2019-04-05,89.400002,91.800003,89.25,90.599998,90.599998,181046
2019-04-08,90.5,90.5,88.099998,88.550003,88.550003,125753
2019-04-09,88.150002,89.699997,88.099998,88.599998,88.599998,85691
2019-04-10,88.349998,90.300003,88.050003,89.550003,89.550003,99498
2019-04-11,89.550003,89.550003,87.949997,88,88,66318
2019-04-12,88.099998,89.25,87.400002,89.25,89.25,90863
2019-04-15,89.400002,90.050003,88.800003,89.400002,89.400002,76219
2019-04-16,89.900002,90,87.900002,88.449997,88.449997,117944
2019-04-17,88.75,89.050003,87.699997,87.800003,87.800003,156267
2019-04-18,86.349998,87.75,83.599998,86,86,221326
2019-04-23,86.150002,89,85.949997,88.199997,88.199997,121459
2019-04-24,88.199997,90.400002,88,88.050003,88.050003,114801
2019-04-25,87.75,89.25,87.150002,87.150002,87.150002,79876
2019-04-26,88,91.650002,88,90.650002,90.650002,230782
2019-04-29,90.699997,90.699997,88.300003,89.550003,89.550003,106468
2019-04-30,90.050003,90.449997,88.150002,88.400002,88.400002,118733
2019-05-02,88.949997,90.150002,88.349998,89.5,89.5,140768
2019-05-03,89.449997,94,89.25,91.400002,91.400002,230078
2019-05-06,89.449997,90.400002,87,89,89,151286
2019-05-07,90,92.400002,89.949997,90.5,90.5,195071
2019-05-08,90.050003,95.550003,90.050003,95.400002,95.400002,239085
2019-05-09,94.800003,96.449997,90.550003,91,91,245995
2019-05-10,91.75,92.699997,89.25,91.5,91.5,211022
2019-05-13,91.300003,91.300003,86.650002,86.75,86.75,191781
2019-05-14,86.900002,88.449997,86.25,88.099998,88.099998,103706
2019-05-15,89,89.25,86.699997,89.099998,89.099998,65240
2019-05-16,89.050003,93.599998,88.900002,93.5,93.5,118806
2019-05-17,95,95.349998,90.949997,93.25,93.25,193141
2019-05-20,93.5,94.550003,91.900002,93.300003,93.300003,118629
2019-05-21,93.5,95.900002,93.150002,95.349998,95.349998,120041
2019-05-22,95.400002,97.900002,94.199997,96.400002,96.400002,217330
2019-05-23,95.949997,95.949997,92.599998,92.75,92.75,149745
2019-05-24,93.050003,94.099998,92.75,93.699997,93.699997,70558
2019-05-27,94.25,94.400002,92.449997,94.099998,94.099998,44496
2019-05-28,93.599998,95.300003,93.599998,94.699997,94.699997,138747
2019-05-29,93.150002,93.699997,89.150002,89.150002,89.150002,203742
2019-05-30,89.800003,90.050003,87.650002,88.300003,88.300003,77314
2019-05-31,87.599998,87.599998,85,86.449997,86.449997,124746
2019-06-03,86.050003,86.25,84.449997,84.849998,84.849998,141089
2019-06-04,84.75,84.75,82.550003,82.75,82.75,163766
2019-06-05,83.199997,84.199997,82.650002,83,83,143003
2019-06-06,83.599998,86.050003,82.900002,83.150002,83.150002,118518
2019-06-07,83.650002,84.550003,83.199997,83.199997,83.199997,104315
2019-06-11,84.199997,88.099998,84.199997,85.5,85.5,190637
2019-06-12,85.25,87.599998,85.050003,87.150002,87.150002,135256
2019-06-13,87.25,88.550003,87.099998,88.050003,88.050003,89430
2019-06-14,88.150002,89.300003,87.349998,88.25,88.25,122510
2019-06-17,88.599998,88.650002,85.949997,87.199997,87.199997,104437
2019-06-18,87.550003,89.849998,86.550003,89.550003,89.550003,105251
2019-06-19,89.800003,90.449997,88.150002,88.400002,88.400002,123805
2019-06-20,89,89.949997,87.900002,88,88,83233
2019-06-21,87.349998,87.849998,86.400002,86.75,86.75,194528
2019-06-24,91.5,94.449997,91,91.900002,91.900002,306668
2019-06-25,91.949997,92.400002,87,87,87,241679
2019-06-26,87,87.75,82.199997,82.800003,82.800003,345191
2019-06-27,83.5,84,81.900002,82.900002,82.900002,152411
2019-06-28,83.550003,85.150002,83.349998,84.449997,84.449997,87640
2019-07-01,85.849998,86.849998,85.150002,86.150002,86.150002,109948
2019-07-02,86.599998,87.349998,84.099998,84.599998,84.599998,101087
2019-07-03,85.199997,90,84.349998,86.949997,86.949997,234619
2019-07-04,87.599998,88,86.099998,87.800003,87.800003,103587
2019-07-05,88,91.150002,88,90.25,90.25,167240
2019-07-08,89.449997,90.25,86.800003,87,87,104715
2019-07-09,86.900002,87.5,85.650002,87.150002,87.150002,100390
2019-07-10,87,90.800003,86.300003,89.699997,89.699997,165011
2019-07-11,89.5,92.800003,88.199997,90.349998,90.349998,152104
2019-07-12,89.75,91.75,89.050003,91.150002,91.150002,87580
2019-07-15,91.800003,92.949997,91.150002,92.699997,92.699997,59655
2019-07-16,92.849998,96.099998,92.25,94.949997,94.949997,134272
2019-07-17,95.050003,98.050003,94.25,97.75,97.75,188480
2019-07-18,98.300003,99.5,97.349998,99.5,99.5,127424
2019-07-19,99.400002,101.300003,99.099998,100.699997,100.699997,130070
2019-07-22,100.099998,101.599998,99.349998,101.099998,101.099998,211179
2019-07-23,101,104.699997,100.599998,104.599998,104.599998,181564
2019-07-24,104.900002,108.400002,103.900002,108.199997,108.199997,253586
2019-07-25,108.199997,109.800003,106.199997,106.5,106.5,299835
2019-07-26,106.400002,108.199997,105.300003,107.400002,107.400002,166042
2019-07-29,107.599998,111,107.599998,110.099998,110.099998,161564
2019-07-30,110,111,106.699997,108,108,141496
2019-07-31,108.400002,109.5,107.599998,109.300003,109.300003,125418
2019-08-01,108.900002,110.099998,108.599998,109.599998,109.599998,85823
2019-08-02,106.300003,109.199997,106,106.5,106.5,143071
2019-08-05,103.5,106.900002,101.300003,104.699997,104.699997,275542
2019-08-06,104.400002,106.699997,103.800003,104,104,130017
2019-08-07,109.699997,114.599998,101.400002,109,109,418316
2019-08-08,111,113.199997,110,112.599998,112.599998,184857
2019-08-09,113.099998,114.599998,111,111,111,141604
2019-08-12,112.300003,113.599998,108.800003,108.800003,108.800003,129514
2019-08-13,108.099998,109.900002,106.900002,109.599998,109.599998,148236
2019-08-14,110,110.400002,107,107.400002,107.400002,118476
2019-08-15,106.900002,108.5,103.900002,107,107,148622
2019-08-16,108.400002,109.599998,107.800003,108.900002,108.900002,104575
2019-08-19,110.5,111.599998,109.099998,111.5,111.5,106449
2019-08-20,111.699997,113.699997,110.800003,111.5,111.5,88983
2019-08-21,111.900002,114.699997,111.400002,113.800003,113.800003,141259
2019-08-22,113.5,113.800003,108.900002,109.099998,109.099998,122408
2019-08-23,110,110.5,106.800003,107.199997,107.199997,143030
2019-08-26,106,108.5,105.400002,107,107,93589
2019-08-27,106.400002,108.300003,106.300003,107.699997,107.699997,86703
2019-08-28,107.699997,108.5,106.199997,107.5,107.5,91586
2019-08-29,107.099998,109.599998,106.800003,108.5,108.5,101434
2019-08-30,109.099998,109.5,107.400002,107.5,107.5,83077
2019-09-02,107.400002,109,106.099998,107.300003,107.300003,85490
2019-09-03,106.900002,107.599998,105.400002,106.5,106.5,95686
2019-09-04,107,107.5,104.699997,105.599998,105.599998,97904
2019-09-05,106.199997,106.199997,104.900002,106.199997,106.199997,86035
2019-09-06,105.400002,107.300003,105,107.300003,107.300003,128020
2019-09-09,108.599998,110.599998,105,105.5,105.5,135323
2019-09-10,105.599998,105.599998,100.199997,103.400002,103.400002,215284
2019-09-11,104,107.199997,103.900002,106.5,106.5,148603
2019-09-12,106.900002,107.699997,105.400002,106.099998,106.099998,106930
2019-09-13,105.699997,105.699997,104,105.699997,105.699997,83408
2019-09-16,105,106.400002,104.199997,104.800003,104.800003,101726
2019-09-17,105,105.900002,104.300003,105,105,67053
2019-09-18,105.300003,106,104.5,105.099998,105.099998,85865
2019-09-19,105.5,106,104.900002,105.900002,105.900002,90453
2019-09-20,106.099998,107.099998,105,105.800003,105.800003,126934
2019-09-23,105.300003,106.900002,103.199997,104.699997,104.699997,82278
2019-09-24,106,106.5,104.800003,104.900002,104.900002,89475
2019-09-25,104.300003,105,101.099998,102.300003,102.300003,142747
2019-09-26,102.5,103.800003,101,102.900002,102.900002,89709
2019-09-27,102.800003,102.900002,101,102.5,102.5,53711
2019-09-30,101,103.099998,100.599998,101.099998,101.099998,152739
2019-10-01,101.300003,102.300003,96.599998,98.099998,98.099998,249999
2019-10-02,97.099998,97.849998,94.650002,95.599998,95.599998,201352
2019-10-04,95.800003,98.099998,95.099998,97.699997,97.699997,176302
2019-10-07,97.650002,98.599998,96.199997,98.199997,98.199997,76194
2019-10-08,98.599998,98.75,97.199997,98.050003,98.050003,97123
2019-10-09,98,99.800003,97.5,99.800003,99.800003,82432
2019-10-10,99.849998,99.900002,97,97.199997,97.199997,175530
2019-10-11,97.050003,97.650002,95.699997,97.650002,97.650002,148770
2019-10-14,97,98.400002,96.400002,98.349998,98.349998,80573
2019-10-15,99,100.800003,97.699997,99.800003,99.800003,82257
2019-10-16,99.849998,100.5,99.300003,99.75,99.75,94741
2019-10-17,99.75,100.699997,98.300003,99.650002,99.650002,91353
2019-10-18,99.75,101,99.199997,99.949997,99.949997,188672
2019-10-21,100.199997,100.5,97.550003,98.099998,98.099998,133988
2019-10-22,98.349998,106.099998,96.900002,104.199997,104.199997,241041
2019-10-23,103.599998,104.199997,101.599998,102.199997,102.199997,151281
2019-10-24,102,103.5,101,102.099998,102.099998,100932
2019-10-25,102,102.699997,100.599998,101.599998,101.599998,107492
2019-10-28,102.300003,102.300003,95.75,97.25,97.25,277273
2019-10-29,93.800003,96.25,90.650002,95.099998,95.099998,389602
2019-10-30,98,100.5,95,99.099998,99.099998,316702
2019-10-31,99.900002,101,96.650002,97.650002,97.650002,189969
2019-11-01,97.75,103.599998,97.75,100.099998,100.099998,232690
2019-11-04,101,102.199997,99.099998,101.699997,101.699997,245555
2019-11-05,100.400002,100.5,98.099998,98.900002,98.900002,183421
2019-11-06,98.900002,99.25,97,97.800003,97.800003,123837
2019-11-07,97.300003,97.449997,93.949997,97.199997,97.199997,187918
2019-11-08,97.050003,98.849998,95.400002,98.650002,98.650002,119157
2019-11-11,98.650002,100.699997,98.150002,98.5,98.5,130291
2019-11-12,98.550003,98.550003,96.150002,96.150002,96.150002,152533
2019-11-13,95.449997,96.400002,94.400002,95.800003,95.800003,99504
2019-11-14,96.150002,97.300003,94.599998,94.650002,94.650002,87734
2019-11-15,94.800003,95.599998,94.150002,95.099998,95.099998,81043
2019-11-18,95.050003,106.900002,95.050003,102.199997,102.199997,420385
2019-11-19,102,107.900002,101.599998,106,106,273964
2019-11-20,105.900002,107.699997,104.599998,105.5,105.5,161519
2019-11-21,103,105.400002,102.599998,104,104,193043
2019-11-22,104,105.900002,103.400002,104.800003,104.800003,123037
2019-11-25,104.099998,109.5,104.099998,108.199997,108.199997,201211
2019-11-26,108.199997,109.800003,106.800003,109.599998,109.599998,153965
2019-11-27,110,111.300003,108.900002,111.300003,111.300003,71315
2019-11-28,111.400002,112.099998,110.5,111.199997,111.199997,79842
2019-11-29,110.400002,112.300003,110.400002,112.199997,112.199997,58052
2019-12-02,112.300003,113.300003,109.900002,110,110,134318
2019-12-03,110.599998,112,110.300003,111.300003,111.300003,86023
2019-12-04,112.099998,115.199997,111.300003,114.800003,114.800003,203885
2019-12-05,115.099998,116.699997,115,116.099998,116.099998,117488
2019-12-06,116.300003,118.900002,115.900002,118.900002,118.900002,215440
2019-12-09,119,122.900002,118.300003,122.400002,122.400002,204973
2019-12-10,122.5,124.5,120.900002,124.099998,124.099998,211696
2019-12-11,124.099998,124.599998,122.400002,124.400002,124.400002,155830
2019-12-12,124,128.199997,123.300003,127.699997,127.699997,217441
2019-12-13,129,130.399994,126.800003,127.900002,127.900002,217540
2019-12-16,128.600006,130.899994,128.5,129.899994,129.899994,143443
2019-12-17,130.5,131,126.199997,128.899994,128.899994,228709
2019-12-18,128.5,128.699997,124,124.900002,124.900002,174798
2019-12-19,125,126.699997,123.699997,126.599998,126.599998,132237
2019-12-20,127.199997,128,126,126.699997,126.699997,182448
2019-12-23,126.900002,128.399994,125.800003,128,128,69013
2019-12-27,128.699997,130.399994,127.599998,128.699997,128.699997,91330
2019-12-30,129,129.5,126.800003,126.800003,126.800003,49148
2020-01-02,129.600006,129.600006,126.099998,127.800003,127.800003,129780
2020-01-03,127.300003,127.800003,123.800003,125.900002,125.900002,114612
2020-01-06,124.800003,124.800003,120.099998,123.599998,123.599998,154703
2020-01-07,123.699997,127.599998,123.699997,126.199997,126.199997,101950
2020-01-08,126.300003,129.100006,125.900002,129.100006,129.100006,114880
2020-01-09,133.5,136.300003,132.199997,135.300003,135.300003,196929
2020-01-10,135.899994,137.300003,135,136.199997,136.199997,100009
2020-01-13,146.100006,146.300003,123.599998,123.599998,123.599998,903327
2020-01-14,123.5,126.400002,119.5,120.199997,120.199997,478899
2020-01-15,121.5,122.5,117.300003,118.099998,118.099998,345951
2020-01-16,119,120.5,117.300003,119,119,232709
2020-01-17,120.800003,121.599998,117.599998,117.800003,117.800003,160900
2020-01-20,118.599998,120,118,119,119,154720
2020-01-21,119.300003,120.199997,117.800003,118.599998,118.599998,136048
2020-01-22,119.599998,120.300003,118,118.900002,118.900002,143761
2020-01-23,118.699997,120.699997,117.599998,120.400002,120.400002,131998
2020-01-24,120.699997,121.099998,118.800003,118.800003,118.800003,100192
2020-01-27,117.800003,118.599998,115.599998,117,117,128382
2020-01-28,117.800003,119,116.5,116.900002,116.900002,110719
2020-01-29,117,118,115.900002,117.099998,117.099998,91794
2020-01-30,116.599998,117.300003,113.099998,113.199997,113.199997,164261
2020-01-31,114.199997,115.300003,113.199997,113.199997,113.199997,135249
2020-02-03,113.599998,114.5,110.599998,112.5,112.5,188049
2020-02-04,113.5,114.800003,113,113.5,113.5,136133
2020-02-05,114,114.800003,112.900002,114.099998,114.099998,229709
2020-02-06,116,117.599998,114.900002,117.599998,117.599998,194257
2020-02-07,117.400002,117.800003,114.800003,114.900002,114.900002,132665
2020-02-10,114.5,114.900002,111.800003,113.300003,113.300003,153518
2020-02-11,113.599998,115.900002,113.199997,114.800003,114.800003,170837
2020-02-12,114.800003,115.099998,113.400002,114,114,95724
2020-02-13,112.900002,117.199997,112.699997,117.199997,117.199997,182740
2020-02-14,117.400002,118.699997,114,114.199997,114.199997,113651
2020-02-17,114.099998,116.199997,113.300003,116.199997,116.199997,94605
2020-02-18,114.599998,115.199997,113.5,113.5,113.5,76742
2020-02-19,114,117,113.900002,115.599998,115.599998,113784
2020-02-20,115.699997,117.099998,113.800003,114.099998,114.099998,114488
2020-02-21,113.5,116.300003,113.400002,114.699997,114.699997,103797
2020-02-24,112.099998,112.099998,108.099998,109.599998,109.599998,228451
2020-02-25,110,111,108.199997,108.199997,108.199997,206136
2020-02-26,104,105.699997,100.199997,104.300003,104.300003,373365
2020-02-27,102,102.400002,97.5,98.949997,98.949997,292080
2020-02-28,93.650002,97.400002,93,96.050003,96.050003,426874
2020-03-02,102,102.800003,94.650002,98.199997,98.199997,303668
2020-03-03,101.199997,104.300003,99.849998,100.900002,100.900002,313211
2020-03-04,103.599998,106.300003,101.300003,106.099998,106.099998,266000
2020-03-05,108.099998,108.599998,103.300003,105.199997,105.199997,179173
2020-03-06,102.199997,103.800003,98.150002,98.849998,98.849998,223817
2020-03-09,89.5,95.199997,88.5,93.300003,93.300003,335458
2020-03-10,94.900002,97.900002,92.800003,93.900002,93.900002,315221
2020-03-11,95.699997,96.599998,90.800003,91.050003,91.050003,229808
2020-03-12,84.5,87.150002,79.25,81.25,81.25,460026
2020-03-13,83.550003,88.199997,79.099998,80.099998,80.099998,317275
2020-03-16,75.150002,78.150002,69.849998,77.300003,77.300003,406937
2020-03-17,79.5,81.050003,69.5,75.150002,75.150002,295943
2020-03-18,72.400002,73.400002,69.5,70.199997,70.199997,192157
2020-03-19,70.099998,77,65.25,72.199997,72.199997,326329
2020-03-20,77.5,84.599998,75.25,81.800003,81.800003,383837
2020-03-23,76.5,81.550003,74.699997,78.099998,78.099998,197260
2020-03-24,82.800003,84.449997,79.849998,84.300003,84.300003,313339
2020-03-25,88.199997,92.849998,88.050003,91.650002,91.650002,297595
2020-03-26,90.150002,96.5,90,96.449997,96.449997,239220
2020-03-27,95.650002,96.650002,90.150002,91.400002,91.400002,227120
2020-03-30,91.400002,91.949997,87.199997,90.800003,90.800003,127134
2020-03-31,94,95.400002,89.449997,90.050003,90.050003,168938
2020-04-01,88.800003,91.919998,85.260002,90.699997,90.699997,186358
2020-04-02,90.360001,90.959999,86.580002,88.019997,88.019997,140236
2020-04-03,88.019997,89.800003,88,88.800003,88.800003,97995
2020-04-06,91.580002,93.800003,90.339996,91,91,129806
2020-04-07,94.5,95.839996,89.419998,90.980003,90.980003,193940
2020-04-08,90.800003,92.639999,87.139999,89.839996,89.839996,183299
2020-04-09,90,93.099998,89.779999,90.839996,90.839996,118424
2020-04-14,93.080002,95.839996,93.080002,94.660004,94.660004,145179
2020-04-15,96,96,92.199997,92.5,92.5,123433
2020-04-16,92.540001,93.779999,91.639999,92.540001,92.540001,114232
2020-04-17,95.18,95.739998,92.559998,95.739998,95.739998,166125
2020-04-20,96.480003,97.440002,94.139999,95.959999,95.959999,167379
2020-04-21,94.779999,96.900002,93.400002,94.900002,94.900002,157904
2020-04-22,95.900002,96.959999,93.860001,94.760002,94.760002,105454
2020-04-23,94.5,95.419998,91.339996,91.419998,91.419998,191298
2020-04-24,90.32,91.540001,87,89.5,89.5,253223
2020-04-27,91.199997,94.919998,90.239998,93.400002,93.400002,223021
2020-04-28,94.199997,96,92,92.519997,92.519997,193295
2020-04-29,93,96.519997,92.699997,96,96,120141
2020-04-30,97.459999,99.699997,95.379997,95.940002,95.940002,273873
2020-05-04,93.459999,94.879997,92.720001,93.900002,93.900002,153600
2020-05-05,95.300003,96.860001,94.419998,95.599998,95.599998,151759
2020-05-06,96.199997,103.900002,96.199997,102.300003,102.300003,185108
2020-05-07,105.400002,118,105.099998,113,113,424228
2020-05-08,114.150002,117.349998,110.599998,112.900002,112.900002,244375
2020-05-11,113.900002,118.199997,112.349998,118.199997,118.199997,287073
2020-05-12,117.5,122.449997,117,120.400002,120.400002,255763
2020-05-13,118.050003,120.050003,113.75,114.75,114.75,241955
2020-05-14,112.800003,118.099998,110.699997,115.25,115.25,264707
2020-05-15,117,119.550003,115.699997,118.75,118.75,173240
2020-05-18,120,122.699997,118.400002,121.800003,121.800003,175228
2020-05-19,122.25,122.25,118.050003,119.25,119.25,189581
2020-05-20,119.5,120.599998,114.849998,116.5,116.5,223731
2020-05-21,116.199997,117.550003,114.25,116.900002,116.900002,190345
2020-05-22,116.349998,119.900002,115.5,119,119,165523
2020-05-25,120.099998,120.25,117.400002,117.900002,117.900002,79391
2020-05-26,118.650002,120.050003,117.599998,118,118,160392
2020-05-27,118,119.349998,116.550003,118,118,210221
2020-05-28,118.300003,119.699997,117.099998,118.300003,118.300003,217855
2020-05-29,116.349998,119,113.949997,116.650002,116.650002,189058
2020-06-02,118,118.25,114.849998,116.75,116.75,195086
2020-06-03,117.349998,117.900002,115.349998,116,116,209361
2020-06-04,115,115.849998,112.650002,113.449997,113.449997,179566
2020-06-05,113.550003,114.550003,111.75,113.5,113.5,191540
2020-06-08,112.25,112.75,109.199997,110.949997,110.949997,172892
2020-06-09,110.599998,111.449997,105.650002,106.550003,106.550003,218722
2020-06-10,107.5,108.5,105.5,106.75,106.75,183569
2020-06-11,105.5,105.900002,103.800003,103.900002,103.900002,134275
2020-06-12,103.050003,107.349998,102.550003,105.599998,105.599998,148878
2020-06-15,102.800003,107.150002,102.349998,107,107,119748
2020-06-16,108.150002,113.099998,107.699997,110.650002,110.650002,184055
2020-06-17,110.849998,114.449997,110.5,111.400002,111.400002,209004
2020-06-18,110.849998,111.800003,108.949997,110.300003,110.300003,137490
2020-06-19,109.900002,111.550003,109.199997,110.650002,110.650002,279059
2020-06-22,110,114,109.150002,112.599998,112.599998,127311
2020-06-23,113.699997,116.900002,113.349998,116.900002,116.900002,188320
2020-06-24,116.800003,117.900002,115.400002,115.650002,115.650002,146585
2020-06-25,113.050003,117.400002,111.699997,117,117,162787
2020-06-26,117.449997,118,115.349998,115.599998,115.599998,126665
2020-06-29,115.099998,115.949997,111.400002,112.199997,112.199997,142940
2020-06-30,112.300003,113.25,111.099998,112.449997,112.449997,112663
2020-07-01,112.75,115.150002,112.150002,115.099998,115.099998,91260
2020-07-02,115.699997,116.550003,113.75,116.050003,116.050003,87798
2020-07-03,117,118.599998,116.099998,116.75,116.75,123490
2020-07-06,117.150002,117.550003,115.050003,116.699997,116.699997,90654
2020-07-07,115.949997,118.300003,115.300003,118.300003,118.300003,128802
2020-07-08,117.900002,119.5,117.25,118,118,130214
2020-07-09,117.849998,118.099998,116.550003,116.650002,116.650002,86400
2020-07-10,116.300003,118.199997,115.150002,115.849998,115.849998,110168
2020-07-13,116.099998,116.900002,113.599998,116.900002,116.900002,107627
2020-07-14,115.349998,115.349998,109.650002,111.5,111.5,249537
2020-07-15,114,121.599998,112.449997,121.300003,121.300003,267104
2020-07-16,120,120.400002,117,117,117,110448
2020-07-17,117.050003,122,117,122,122,129387
2020-07-20,121.699997,124.699997,120.699997,124.5,124.5,118405
2020-07-21,124.949997,125.199997,121.300003,121.300003,121.300003,123660
2020-07-22,121,123.550003,120.449997,121.699997,121.699997,87503
2020-07-23,121.349998,121.5,117.800003,119.949997,119.949997,113911
2020-07-24,117.050003,117.349998,111.699997,112.5,112.5,223512
2020-07-27,112.949997,114.349998,111.849998,112.800003,112.800003,115020
2020-07-28,113,114.550003,110.199997,111.099998,111.099998,140654
2020-07-29,111.5,113.199997,110.650002,111.349998,111.349998,143586
2020-07-30,111.5,111.5,106.550003,108.849998,108.849998,207574
2020-07-31,109.099998,111.199997,107.5,108,108,102835
2020-08-03,118,122.849998,112.699997,116.550003,116.550003,340954
2020-08-04,116.800003,117.599998,112.75,115.199997,115.199997,149982
2020-08-05,115.75,117.599998,114.550003,115.900002,115.900002,142527
2020-08-06,116.599998,117.75,106.050003,109.800003,109.800003,471978
2020-08-07,109.949997,109.949997,105.099998,107,107,237193
2020-08-10,108.5,111.5,105.349998,106.099998,106.099998,253085
2020-08-11,106.449997,111.050003,104.199997,111,111,238236
2020-08-12,110.599998,110.800003,108.5,110.650002,110.650002,97123
2020-08-13,110.75,111.650002,109,111.650002,111.650002,87820
2020-08-14,111.400002,111.599998,108.300003,108.300003,108.300003,131263
2020-08-17,108.5,110.099998,106.300003,109.949997,109.949997,123072
2020-08-18,110.099998,110.25,106.75,107.5,107.5,144510
2020-08-19,107,110.199997,106.599998,109.349998,109.349998,91193
2020-08-20,108.800003,109.150002,106.599998,107.349998,107.349998,126219
2020-08-21,107.5,108.650002,106.75,108.349998,108.349998,115208
2020-08-24,108.449997,109.800003,106.550003,107.25,107.25,120365
2020-08-25,107.25,107.800003,105.300003,105.949997,105.949997,127193
2020-08-26,106.150002,106.150002,104,105.150002,105.150002,145659
2020-08-27,104.949997,105.5,103.699997,104.699997,104.699997,115163
2020-08-28,104.150002,104.5,101.800003,103.5,103.5,97330
2020-08-31,103.550003,106,103.550003,105.449997,105.449997,138136
2020-09-01,106,107.5,103.550003,103.650002,103.650002,106974
2020-09-02,103.599998,104.650002,102.900002,104.650002,104.650002,129174
2020-09-03,105.650002,107.599998,103.300003,103.599998,103.599998,221403
2020-09-04,103.5,104.599998,101.099998,101.699997,101.699997,185475
2020-09-07,102.25,107.400002,102.099998,106.550003,106.550003,160490
2020-09-08,107.199997,107.199997,102.099998,104.25,104.25,162170
2020-09-09,104,104.650002,102.5,104.5,104.5,78943
2020-09-10,104.400002,106.5,104.199997,105,105,99688
2020-09-11,104.5,107.349998,104.5,107.050003,107.050003,120995
2020-09-14,107.599998,109.650002,106.550003,109.650002,109.650002,125965
2020-09-15,109.550003,110.800003,109.050003,110.150002,110.150002,110897
2020-09-16,109.699997,114.599998,109.400002,113.400002,113.400002,155887
2020-09-17,111.900002,115.849998,111.5,114.949997,114.949997,102126
2020-09-18,114.800003,117.900002,114.300003,116.150002,116.150002,191163
2020-09-21,115,115.349998,110.199997,110.550003,110.550003,104985
2020-09-22,110.949997,112.050003,109.900002,109.949997,109.949997,82281
2020-09-23,110.949997,111.5,109.800003,110.300003,110.300003,61398
2020-09-24,109.050003,109.050003,105.25,106.099998,106.099998,110386
2020-09-25,106.449997,107.400002,104.199997,107.400002,107.400002,60658
2020-09-28,109.5,110.050003,107.900002,108.150002,108.150002,84316
2020-09-29,108.199997,109,107,108.300003,108.300003,98642
2020-09-30,108.150002,109.400002,107.449997,108.349998,108.349998,86945
2020-10-01,108.199997,108.650002,103.099998,103.5,103.5,160538
2020-10-02,103.25,103.25,96,98,98,357202
2020-10-05,99,100.099998,97,99.300003,99.300003,195303
2020-10-06,99.360001,100.099998,96.959999,99.160004,99.160004,153874
2020-10-07,98.519997,98.68,96.559998,97.360001,97.360001,130435
2020-10-08,98.400002,99.339996,97.300003,98.5,98.5,158688
2020-10-09,98.459999,101.349998,98.459999,101.349998,101.349998,170876
2020-10-12,101.25,102.900002,100.449997,102.800003,102.800003,86114
2020-10-13,97,99.580002,92,97.300003,97.300003,922721
2020-10-14,96.760002,99.82,96.760002,98.239998,98.239998,153064
2020-10-15,96.580002,97.160004,94.139999,94.199997,94.199997,201448
2020-10-16,94.599998,97.120003,94.599998,96.300003,96.300003,109178
2020-10-19,96.760002,96.919998,94.440002,94.440002,94.440002,68863
2020-10-20,93.82,95.440002,91.879997,91.940002,91.940002,168128
2020-10-21,92.620003,92.620003,88.839996,89.199997,89.199997,191346
2020-10-22,88,89.900002,86.839996,89.139999,89.139999,145930
2020-10-23,89.199997,89.32,86.959999,88.080002,88.080002,173807
2020-10-26,86.099998,88.620003,85.120003,85.480003,85.480003,192382
2020-10-27,85.800003,86.82,84.800003,85.720001,85.720001,184283
2020-10-28,90.5,91.459999,84.459999,84.699997,84.699997,431959
2020-10-29,85.019997,87.379997,84.5,86.900002,86.900002,147918
2020-10-30,85.519997,87.559998,85.080002,87.559998,87.559998,159049
2020-11-02,87.900002,89.900002,87.440002,88.620003,88.620003,109499
2020-11-03,89.599998,91.580002,88.68,90.879997,90.879997,115605
2020-11-04,90.599998,98.419998,90.559998,98.220001,98.220001,323511
2020-11-05,98.440002,100.599998,95.580002,95.580002,95.580002,308332
2020-11-06,95,95.559998,92.220001,92.379997,92.379997,148506
2020-11-09,91.739998,92,87,89,89,534819
2020-11-10,89.160004,89.739998,87.040001,88,88,255980
2020-11-11,89,90.32,86.32,89.199997,89.199997,231993
2020-11-12,93.5,93.839996,86.5,88.160004,88.160004,378675
2020-11-13,88,88.440002,85.639999,87.68,87.68,233969
2020-11-16,88.400002,89.400002,87.620003,88.160004,88.160004,189652
2020-11-17,87.980003,88.459999,86.519997,86.82,86.82,131294
2020-11-18,86.660004,88.860001,86.300003,88.860001,88.860001,187728
2020-11-19,87.82,89.080002,87.639999,89,89,172496
2020-11-20,89.160004,91.339996,88.639999,91.199997,91.199997,145511
2020-11-23,92.239998,92.360001,90.540001,90.900002,90.900002,130769
2020-11-24,91.199997,91.800003,89.980003,91.040001,91.040001,145152
2020-11-25,91.660004,92.220001,90.620003,91,91,165551
2020-11-26,90.959999,91.760002,90.779999,91.480003,91.480003,112903
2020-11-27,91.940002,94.639999,90.940002,94.5,94.5,131524
2020-11-30,94.940002,96.18,94.139999,94.139999,94.139999,170264
2020-12-01,94.419998,95.279999,93.639999,93.900002,93.900002,113624
2020-12-02,93.900002,93.900002,92.360001,93.580002,93.580002,100018
2020-12-03,93.82,94.300003,92.68,93.300003,93.300003,120152
2020-12-04,93,93.879997,92.300003,93.760002,93.760002,106983
2020-12-07,93.82,94.32,90.800003,91.32,91.32,139399
2020-12-08,90.919998,94.040001,90.919998,94.040001,94.040001,109680
2020-12-09,93.400002,93.900002,90.82,91.019997,91.019997,147027
2020-12-10,91.059998,92.68,90.379997,92.68,92.68,126412
2020-12-11,91.639999,93.699997,91.260002,93.360001,93.360001,155133
2020-12-14,93.400002,94.800003,91.559998,93.699997,93.699997,142354
2020-12-15,93.639999,94.559998,92.139999,92.139999,92.139999,145145
2020-12-16,92.879997,94.440002,92.260002,94.18,94.18,155381
2020-12-17,94.360001,94.919998,93.760002,94.720001,94.720001,98443
2020-12-18,94.940002,95.160004,92.18,92.18,92.18,191032
2020-12-21,92.019997,92.18,88.879997,89.879997,89.879997,204133
2020-12-22,90.699997,92.419998,90.040001,91,91,147517
2020-12-23,91.699997,91.82,89.720001,90.459999,90.459999,132794
2020-12-28,91.199997,92.959999,90.160004,90.779999,90.779999,129991
2020-12-29,91.120003,92.980003,90.5,91.919998,91.919998,125456
2020-12-30,91.760002,93.940002,91.760002,93.82,93.82,59468
2021-01-04,94.800003,97.120003,93.360001,94.019997,94.019997,173532
2021-01-05,94.019997,95.720001,93.239998,94.760002,94.760002,158393
2021-01-06,95,95,91,93.779999,93.779999,228475
2021-01-07,93.980003,96.839996,93.559998,96.620003,96.620003,219749
2021-01-08,97,99.860001,96.779999,99.300003,99.300003,224961
2021-01-11,99.339996,101.5,95.860001,97.139999,97.139999,306722
2021-01-12,97.599998,97.82,92.5,92.5,92.5,298830
2021-01-13,94.099998,94.699997,90.400002,94.360001,94.360001,189563
2021-01-14,94.540001,94.699997,92.860001,94.099998,94.099998,138581
2021-01-15,94.279999,94.279999,92.139999,92.139999,92.139999,121544
2021-01-18,91.699997,93.639999,90.839996,93.019997,93.019997,117777
2021-01-19,94.260002,97.339996,93.980003,96.860001,96.860001,236467
2021-01-20,97.699997,101.199997,97.199997,100.800003,100.800003,266371
2021-01-21,101.050003,101.900002,98.519997,98.519997,98.519997,145466
2021-01-22,98.059998,98.900002,96.18,96.580002,96.580002,149595
2021-01-25,97.099998,99.139999,96.540001,98.379997,98.379997,115550
2021-01-26,98.559998,101.5,97.660004,100.849998,100.849998,201369
2021-01-27,100.550003,101.25,97.639999,99.32,99.32,227755
2021-01-28,98.580002,100.349998,96.779999,99.339996,99.339996,157380
2021-01-29,98.239998,100.349998,97.379997,98.860001,98.860001,145970
2021-02-01,99,100.300003,96.339996,96.599998,96.599998,186394
2021-02-02,97.019997,100.199997,96.720001,97.860001,97.860001,126601
2021-02-03,98.220001,99,96.900002,96.919998,96.919998,81840
2021-02-04,97.160004,98.580002,96.760002,97.620003,97.620003,74793
2021-02-05,97.620003,97.800003,96.419998,96.419998,96.419998,80171
2021-02-08,97.120003,97.239998,94.519997,95.300003,95.300003,143241
2021-02-09,95.459999,95.959999,93.620003,95.800003,95.800003,125162
2021-02-10,96,98.120003,95,96.120003,96.120003,150160
2021-02-11,96.980003,97.660004,95.779999,96.660004,96.660004,81609
2021-02-12,96.059998,96.519997,95.260002,95.919998,95.919998,75696
2021-02-15,96.260002,97.040001,95.339996,95.360001,95.360001,62811
2021-02-16,95.699997,96.32,95.040001,95.239998,95.239998,86959
2021-02-17,95,95.040001,92.540001,92.760002,92.760002,168339
2021-02-18,92.300003,92.400002,87.720001,89.040001,89.040001,310985
2021-02-19,89.599998,90.279999,86.879997,88.459999,88.459999,206428
2021-02-22,88.599998,88.82,85.5,85.5,85.5,190769
2021-02-23,86.459999,86.5,84.099998,85.139999,85.139999,194973
2021-02-24,85.5,85.959999,83.699997,85.959999,85.959999,187677
2021-02-25,87.019997,87.559998,84.779999,85.360001,85.360001,138658
2021-02-26,84,84.860001,81.800003,83.400002,83.400002,130873
2021-03-01,84.419998,85.739998,84.080002,85.540001,85.540001,136840
2021-03-02,88,88.559998,84.720001,85.080002,85.080002,250521
2021-03-03,85.980003,86.099998,81.68,82.599998,82.599998,196677
2021-03-04,82.480003,83.099998,80.760002,82.339996,82.339996,145461
2021-03-05,82.139999,83.18,81.059998,81.599998,81.599998,125971
2021-03-08,82.199997,82.400002,81.18,82.099998,82.099998,203339
2021-03-09,82.5,85.620003,81.660004,84.739998,84.739998,155536
2021-03-10,84.739998,85,83.779999,83.860001,83.860001,77499
2021-03-11,84.599998,85.959999,83.580002,85.959999,85.959999,115433
2021-03-12,85.959999,87.400002,84.400002,85.220001,85.220001,140037
2021-03-15,85.040001,85.040001,81.739998,83.919998,83.919998,287588
2021-03-16,78.919998,79,71.68,75.019997,75.019997,1455540
2021-03-17,75.900002,79.839996,75.199997,76.779999,76.779999,635131
2021-03-18,77.599998,77.800003,75.059998,76,76,377183
2021-03-19,75.699997,78.32,75.099998,77.639999,77.639999,385549
2021-03-22,77.599998,78.419998,76.5,78.239998,78.239998,210379
2021-03-23,77.540001,78.139999,76.660004,76.660004,76.660004,191602
2021-03-24,76.019997,76.139999,74.839996,74.860001,74.860001,198993
2021-03-25,73.839996,74.599998,71.620003,73.980003,73.980003,248687
2021-03-26,74.480003,76.239998,74.400002,75.220001,75.220001,159325
2021-03-29,75.599998,75.599998,72.459999,72.900002,72.900002,195947
2021-03-30,72.839996,74.099998,72.720001,73.18,73.18,109698
2021-03-31,73.18,74.480003,72.980003,74.279999,74.279999,141771
2021-04-01,74.699997,75.660004,74.239998,75.559998,75.559998,120308
2021-04-06,75.800003,75.800003,74.019997,74.82,74.82,180208
2021-04-07,74.699997,76.440002,74.400002,74.860001,74.860001,165475
2021-04-08,74.879997,75.099998,74,74.779999,74.779999,97710
2021-04-09,74.839996,75.099998,73.620003,74.980003,74.980003,135670
2021-04-12,75,76.360001,74.059998,74.419998,74.419998,173078
2021-04-13,74.519997,75.580002,73.32,74.620003,74.620003,179425
2021-04-14,74.839996,76.519997,74.720001,76.239998,76.239998,112367
2021-04-15,75.599998,78.739998,75.339996,77.440002,77.440002,182034
2021-04-16,77.300003,77.400002,75.480003,75.580002,75.580002,220199
2021-04-19,75.599998,76.940002,74.980003,75.199997,75.199997,141730
2021-04-20,75.360001,75.839996,74.099998,74.82,74.82,123504
2021-04-21,74.959999,75.959999,73.68,75.959999,75.959999,124253
2021-04-22,75.980003,78,75.32,77.940002,77.940002,214870
2021-04-23,77.620003,77.620003,75.300003,75.639999,75.639999,110881
2021-04-26,76.32,77.720001,75.199997,77,77,230634
2021-04-27,77.220001,77.739998,75.779999,76.199997,76.199997,163196
2021-04-28,76.580002,76.68,75.599998,76,76,156929
2021-04-29,76.82,77.839996,75.519997,75.900002,75.900002,183944
2021-04-30,76.160004,79.379997,76,78.540001,78.540001,232685
2021-05-03,79.239998,80.139999,78.019997,79.279999,79.279999,204364
2021-05-04,79.260002,79.620003,73.400002,73.459999,73.459999,297146
2021-05-05,74,74.900002,68.660004,71.040001,71.040001,425143
2021-05-06,70.900002,73.959999,68.239998,72.5,72.5,391459
2021-05-07,73.099998,74.699997,70.019997,70.139999,70.139999,354794
2021-05-10,70.220001,70.5,66.720001,66.919998,66.919998,390484
2021-05-11,66.599998,66.980003,61.66,66.760002,66.760002,560510
2021-05-12,66.519997,67.639999,65.139999,66.32,66.32,197083
2021-05-13,66.120003,67.779999,65.559998,66.639999,66.639999,199762
2021-05-14,67.059998,68.339996,65.800003,68.199997,68.199997,133652
2021-05-17,68.5,69.080002,66.800003,68.760002,68.760002,132405
2021-05-18,69.099998,69.559998,67.82,68.620003,68.620003,121171
2021-05-19,68.220001,68.220001,66.879997,67.82,67.82,137251
2021-05-20,68.5,69.059998,67.540001,68.900002,68.900002,144973
2021-05-21,69.099998,70.940002,69,70.660004,70.660004,258092
2021-05-25,72,72.800003,70.839996,71.300003,71.300003,210189
2021-05-26,71.900002,72.059998,71.080002,71.580002,71.580002,93875
2021-05-27,72,72,70.440002,71,71,164297
2021-05-28,71.260002,72.639999,70.82,72.040001,72.040001,214612
2021-05-31,72.339996,72.779999,71.839996,72,72,104827
2021-06-01,72.559998,72.559998,70.879997,72.400002,72.400002,290781
2021-06-02,72.080002,72.839996,60.299999,63.060001,63.060001,1455152
2021-06-03,63.799999,66.080002,62.759998,64.519997,64.519997,593612
2021-06-04,65.160004,68.5,64.720001,68.120003,68.120003,513431
2021-06-07,69.800003,70.040001,65.800003,69.5,69.5,497316
2021-06-08,70,70.800003,67.940002,67.940002,67.940002,369787
2021-06-09,68.800003,70.400002,68.400002,70.220001,70.220001,263126
2021-06-10,70.300003,70.760002,68.300003,69.900002,69.900002,193056
2021-06-11,69.199997,69.220001,66.300003,66.82,66.82,350094
2021-06-14,66.779999,67.400002,65.779999,65.919998,65.919998,205153
2021-06-15,65.980003,66.139999,64.300003,64.300003,64.300003,260242
2021-06-16,63.799999,66.559998,62.799999,66.220001,66.220001,237308
2021-06-17,66.099998,67.940002,65.300003,67.68,67.68,193063
2021-06-18,67.739998,68.480003,66.860001,67.580002,67.580002,249895
2021-06-21,66.779999,67.059998,65.279999,65.5,65.5,183441
2021-06-22,65.279999,65.699997,63.619999,65,65,173915
2021-06-23,64.699997,64.940002,63.18,63.400002,63.400002,163298
2021-06-24,63.599998,65.860001,63.200001,65.260002,65.260002,194119
2021-06-25,65.279999,67.199997,64.639999,66.779999,66.779999,270995
2021-06-28,66.900002,68.040001,66.239998,67.540001,67.540001,174510
2021-06-29,67.580002,69,67.120003,68.580002,68.580002,155608
2021-06-30,68.279999,68.599998,65.019997,65.419998,65.419998,246298
2021-07-01,65.300003,65.480003,63.419998,63.799999,63.799999,404803
2021-07-02,63.5,64.760002,63.459999,64.139999,64.139999,178325
2021-07-05,63.66,64.260002,63.200001,63.5,63.5,124955
2021-07-06,63.52,67.459999,63.34,66.779999,66.779999,365298
2021-07-07,66.82,66.82,63.959999,64.300003,64.300003,406101
2021-07-08,64.139999,64.940002,62.34,62.959999,62.959999,260067
2021-07-09,63.099998,64.300003,62.700001,63.439999,63.439999,136634
2021-07-12,63.400002,66.099998,62.799999,64.559998,64.559998,252445
2021-07-13,64.5,64.5,62.639999,62.98,62.98,277055
2021-07-14,62.599998,62.900002,61.139999,61.240002,61.240002,267978
2021-07-15,61.119999,61.200001,56.240002,56.5,56.5,793248
2021-07-16,56.560001,57.060001,55.459999,56.5,56.5,435838
2021-07-19,57.720001,57.720001,53.580002,55.060001,55.060001,386960
2021-07-20,55.259998,55.619999,53.919998,53.919998,53.919998,217088
2021-07-21,54.439999,56.5,54.32,56.060001,56.060001,306640
2021-07-22,56.419998,56.759998,54.880001,55.040001,55.040001,317356
2021-07-23,55.18,55.779999,54.400002,54.68,54.68,182054
2021-07-26,54.619999,54.759998,49.810001,49.939999,49.939999,771095
2021-07-27,48.52,48.529999,43.880001,45.310001,45.310001,1515124
2021-07-28,45.610001,47.189999,44.360001,45.150002,45.150002,667310
2021-07-29,46.599998,48,44.779999,47.34,47.34,818699
2021-07-30,46.82,47.970001,45.860001,46.970001,46.970001,461776
2021-08-02,46.990002,47.09,45.509998,47.040001,47.040001,427104
2021-08-03,46.889999,47.189999,45.209999,45.919998,45.919998,326927
2021-08-04,45.900002,45.900002,44.48,44.959999,44.959999,324161
2021-08-05,44.810001,46.580002,44.259998,46.400002,46.400002,262297
2021-08-06,45.650002,46.119999,44.389999,44.630001,44.630001,367678
2021-08-09,44.470001,46.369999,43.799999,46.369999,46.369999,422789
2021-08-10,46.439999,47.330002,45.599998,45.709999,45.709999,239559
2021-08-11,45.93,46.799999,45.119999,45.25,45.25,265030
2021-08-12,45.299999,45.709999,44.75,45.32,45.32,250007
2021-08-13,45.380001,46.459999,45.27,46.259998,46.259998,200001
2021-08-16,45.98,46.34,44.099998,44.48,44.48,190773
2021-08-17,44.310001,45.07,43.279999,45.049999,45.049999,381904
2021-08-18,45.099998,47.150002,45.099998,47.07,47.07,340107
2021-08-19,46.200001,48.099998,44.950001,47.009998,47.009998,598518
2021-08-20,46.75,47.119999,44.700001,45.93,45.93,286914
2021-08-23,46.32,47.18,45.700001,47.099998,47.099998,184070
2021-08-24,47.540001,49.849998,47.5,48.68,48.68,362801
2021-08-25,50.119999,50.360001,47.75,47.869999,47.869999,466727
2021-08-26,48.200001,48.560001,47.049999,48.25,48.25,247615
2021-08-27,49.5,50.139999,48.189999,48.970001,48.970001,348786
2021-08-30,49.509998,49.610001,46.689999,46.709999,46.709999,434994
2021-08-31,46.759998,49.830002,46.59,49.099998,49.099998,448520
2021-09-01,49.41,50.799999,49.200001,50.220001,50.220001,271589
2021-09-02,50,51.299999,49.389999,50.02,50.02,282941
2021-09-03,50.939999,51.599998,49.029999,49.52,49.52,252887
2021-09-06,49.610001,49.810001,48.009998,48.16,48.16,255901
2021-09-07,48.060001,48.540001,47.32,47.619999,47.619999,181900
2021-09-08,47.060001,47.400002,45.27,45.27,45.27,285931
2021-09-09,45.119999,45.57,44.169998,45.490002,45.490002,263849
2021-09-10,45.700001,45.799999,43.209999,43.459999,43.459999,504820
2021-09-13,43.459999,43.529999,40.540001,41.869999,41.869999,583474
2021-09-14,41.419998,41.700001,40.380001,41.419998,41.419998,375633
2021-09-15,41.310001,41.310001,40.290001,40.759998,40.759998,329391
2021-09-16,40.720001,40.919998,39.700001,40.27,40.27,377406
2021-09-17,40.610001,41.959999,40.610001,41.709999,41.709999,934567
2021-09-20,41.220001,43.060001,40.560001,42.959999,42.959999,426308
2021-09-21,43,43.060001,41.75,42.48,42.48,200930
2021-09-22,42.779999,42.82,41.599998,41.880001,41.880001,138239
2021-09-23,41.939999,43.25,41.75,42.240002,42.240002,189100
2021-09-24,42.080002,42.549999,41.5,41.700001,41.700001,169849
2021-09-27,40.700001,42.939999,40.650002,42.689999,42.689999,246062
2021-09-28,42.439999,43.080002,41.970001,42.169998,42.169998,203688
2021-09-29,42.209999,42.299999,41.209999,41.619999,41.619999,140568
2021-09-30,41.450001,41.799999,40.389999,41,41,166633
2021-10-01,40.619999,41.509998,40.119999,40.5,40.5,195724
2021-10-04,40.209999,41.75,39.98,41.48,41.48,365777
2021-10-05,41.34,42.259998,41.099998,41.779999,41.779999,154830
2021-10-06,41.200001,41.200001,39.799999,40.650002,40.650002,242513
2021-10-07,40.209999,40.400002,38.200001,39.419998,39.419998,495003
2021-10-08,39.299999,40.099998,38.52,38.529999,38.529999,208841
2021-10-11,42.509998,42.599998,38.599998,38.720001,38.720001,562961
2021-10-12,38.52,39.450001,38.09,38.34,38.34,208017
2021-10-13,38.5,40.07,38.25,39.709999,39.709999,184355
2021-10-14,39.810001,39.98,39.110001,39.880001,39.880001,238092
2021-10-15,39.82,39.880001,38.939999,39.220001,39.220001,173380
2021-10-18,39.59,39.59,37.240002,37.610001,37.610001,459607
2021-10-19,37.599998,38.799999,37.099998,38.700001,38.700001,301134
2021-10-20,38.459999,39.380001,38.330002,38.349998,38.349998,183682
2021-10-21,38.310001,40.220001,37.869999,40.07,40.07,249660
2021-10-22,39.599998,40.380001,38.700001,38.700001,38.700001,198477
2021-10-25,38.869999,39.330002,38.18,39.040001,39.040001,187109
2021-10-26,39.490002,41.349998,39.240002,40.700001,40.700001,265359
2021-10-27,40.669998,40.880001,39.099998,39.139999,39.139999,245281
2021-10-28,39.209999,39.91,38.93,39.91,39.91,150088
2021-10-29,39.759998,41.23,39.759998,40.75,40.75,214975
2021-11-01,40.900002,42.34,40.200001,40.419998,40.419998,247575
2021-11-02,40.650002,43.07,39.860001,42.68,42.68,606714
2021-11-03,43.080002,43.290001,41.130001,41.189999,41.189999,357322
2021-11-04,41.540001,42.029999,40.240002,40.540001,40.540001,186043
2021-11-05,40.450001,40.779999,39.380001,40.459999,40.459999,309599
2021-11-08,40.040001,40.880001,39.299999,39.98,39.98,231471
2021-11-09,39.869999,40.389999,39.200001,39.34,39.34,158368
2021-11-10,38.959999,39.16,37.77,38.400002,38.400002,320961
2021-11-11,38.52,38.529999,34.240002,37.389999,37.389999,981795
2021-11-12,37.5,39.959999,37.07,37.830002,37.830002,511946
2021-11-15,38,39,37.77,38.16,38.16,302377
2021-11-16,38.200001,38.82,37.400002,38.349998,38.349998,250697
2021-11-17,38.27,38.369999,37.5,37.529999,37.529999,244291
2021-11-18,37.540001,38.349998,36.5,36.5,36.5,283095
2021-11-19,36.560001,37.040001,35.799999,36.77,36.77,285778
2021-11-22,36.779999,36.900002,34.599998,34.599998,34.599998,572015
2021-11-23,34.110001,34.360001,32.41,34.150002,34.150002,609735
2021-11-24,33.880001,36.799999,33.790001,36.75,36.75,419692
2021-11-25,36.91,38.110001,36.400002,38.040001,38.040001,245374
2021-11-26,36.830002,37.290001,35.18,35.18,35.18,301177
2021-11-29,35.470001,36.27,34.740002,35.880001,35.880001,220133
2021-11-30,34.5,36.360001,34.330002,35.5,35.5,236595
2021-12-01,35.779999,36.970001,35.5,35.860001,35.860001,219211
2021-12-02,35.5,36.009998,34.360001,34.639999,34.639999,291236
2021-12-03,35,35.200001,32.939999,33.130001,33.130001,295733
2021-12-06,33.169998,33.419998,31.57,32.389999,32.389999,426454
2021-12-07,32.389999,32.389999,32.389999,32.389999,32.389999,0
2021-12-08,34.41,35.540001,34.23,34.759998,34.759998,259991
2021-12-09,34.91,36.32,34.490002,35.27,35.27,290218
2021-12-10,34.860001,35.040001,33.259998,33.43,33.43,325038
2021-12-13,34.220001,34.299999,31.879999,32.799999,32.799999,695418
2021-12-14,32.75,33.540001,32.439999,32.970001,32.970001,313193
2021-12-15,32.799999,33.189999,32.099998,32.439999,32.439999,194654
2021-12-16,33.119999,33.900002,32.299999,32.330002,32.330002,313469
2021-12-17,32,33.669998,31.549999,33.32,33.32,403270
2021-12-20,32.919998,33.450001,32.360001,33.16,33.16,269584
2021-12-21,33.400002,33.669998,32.599998,33.369999,33.369999,327814
2021-12-22,33.52,36.02,33.419998,34.560001,34.560001,450356
2021-12-23,34.41,34.650002,33.09,33.689999,33.689999,289586
2021-12-27,33.389999,34.900002,33.130001,33.91,33.91,202232
2021-12-28,33.790001,34.220001,33.279999,33.599998,33.599998,209439
2021-12-29,33.509998,33.509998,32.369999,32.790001,32.790001,297102
2021-12-30,32.509998,33.599998,32.41,33.349998,33.349998,207444
2022-01-03,33.349998,34.860001,33.349998,34.259998,34.259998,278760
2022-01-04,34.720001,34.84,33.169998,33.32,33.32,427286
2022-01-05,33.200001,33.290001,32.130001,32.299999,32.299999,401701
2022-01-06,31.959999,31.98,29.4,30.370001,30.370001,1087171
2022-01-07,30.139999,31.280001,28.110001,30.530001,30.530001,949637
2022-01-10,30.68,32.200001,30.35,31.950001,31.950001,446123
2022-01-11,32.349998,33.619999,31.84,32.549999,32.549999,349280
2022-01-12,32.700001,32.900002,31.65,31.799999,31.799999,287961
2022-01-13,31.799999,32.330002,31.049999,31.41,31.41,237736
2022-01-14,30.209999,30.51,29.530001,29.66,29.66,501674
2022-01-17,29.65,30.360001,29.370001,29.51,29.51,206739
2022-01-18,29.450001,29.530001,28.690001,28.91,28.91,232088
2022-01-19,28.4,29.370001,28.200001,29.030001,29.030001,240777
2022-01-20,29,29.65,28.85,29.34,29.34,199286
2022-01-21,28.799999,28.870001,27.52,28.33,28.33,354244
2022-01-24,27.799999,28.129999,25.41,25.450001,25.450001,646823
2022-01-25,26.040001,26.620001,25.209999,25.379999,25.379999,426548
2022-01-26,25.549999,27.1,25.549999,26.389999,26.389999,277941
2022-01-27,25.610001,27.549999,25.610001,27.309999,27.309999,315735
2022-01-28,26.99,27.1,26.17,27.059999,27.059999,195526
2022-01-31,27.26,28.379999,26.91,28.25,28.25,290405
2022-02-01,28.540001,29.23,28.1,29.110001,29.110001,269164
2022-02-02,29.450001,29.610001,27.77,27.77,27.77,240214
2022-02-03,27.719999,28.309999,27.24,27.24,27.24,171125
2022-02-04,27.49,27.959999,27.02,27.709999,27.709999,131272
2022-02-07,28.02,28.1,26.98,27.41,27.41,276774
2022-02-08,27.4,27.68,27.129999,27.4,27.4,144820
2022-02-09,27.27,28,27.15,27.6,27.6,225851
2022-02-10,28,28.309999,27.129999,27.83,27.83,304016
2022-02-11,27.43,27.43,26.690001,26.84,26.84,237147
2022-02-14,26.1,26.68,25.77,26.32,26.32,339687
2022-02-15,26.02,26.629999,25.959999,26.370001,26.370001,310310
2022-02-16,26.74,26.9,25.74,25.879999,25.879999,256208
2022-02-17,25.85,27.129999,24.26,24.549999,24.549999,936243
2022-02-18,24.6,24.84,23.540001,23.99,23.99,476188
2022-02-21,24.040001,24.4,23.25,23.25,23.25,266376
2022-02-22,22.5,23.620001,22.18,23.049999,23.049999,297236
2022-02-23,23.190001,23.99,22.969999,23.049999,23.049999,153469
2022-02-24,21.99,23.360001,21.440001,23.219999,23.219999,444650
2022-02-25,23.65,23.889999,23,23.860001,23.860001,265175
2022-02-28,23.59,24.969999,23.530001,24.719999,24.719999,284575
2022-03-01,24.629999,24.799999,23.450001,24.25,24.25,228073
2022-03-02,24.15,24.969999,23.74,24.17,24.17,156406
2022-03-03,24.25,24.469999,22.530001,22.530001,22.530001,201673
2022-03-04,22.110001,22.84,22.040001,22.200001,22.200001,202954
2022-03-07,21.559999,22.43,20.76,21.549999,21.549999,319630
2022-03-08,21.17,22.370001,21.07,21.860001,21.860001,154627
2022-03-09,22.389999,23.709999,22.33,23.450001,23.450001,275133
2022-03-10,23.620001,23.870001,22.4,22.9,22.9,369871
2022-03-11,22.799999,24.129999,22.73,23.610001,23.610001,411601
2022-03-14,23.690001,24.01,22.959999,23.700001,23.700001,174913
2022-03-15,23.549999,23.639999,22.49,23.190001,23.190001,183781
2022-03-16,24,24.280001,23.030001,23.940001,23.940001,327692
2022-03-17,23.84,25.059999,22.690001,24.559999,24.559999,604018
2022-03-18,24.57,25.440001,23.93,24.91,24.91,505892
2022-03-21,25.02,25.959999,24.67,25.370001,25.370001,407871
2022-03-22,24.92,25.27,22.65,23.02,23.02,873536
2022-03-23,23.5,23.950001,22.950001,23.9,23.9,421374
2022-03-24,24.700001,26.25,24.4,26.110001,26.110001,854391
2022-03-25,26.440001,26.780001,25.450001,25.59,25.59,345613
2022-03-28,26,26.35,24.4,24.43,24.43,242705
2022-03-29,24.629999,25.110001,23.93,24.559999,24.559999,238689
2022-03-30,24.43,25.629999,24.27,25.58,25.58,272059
2022-03-31,25.59,25.73,24.6,24.76,24.76,214775
2022-04-01,24.719999,25.129999,24.139999,24.889999,24.889999,164862
2022-04-04,25.459999,26.879999,25.200001,26.6,26.6,296340
2022-04-05,26.870001,27.870001,26.559999,26.91,26.91,334140
2022-04-06,26.799999,27.040001,25.690001,25.879999,25.879999,188014
2022-04-07,25.940001,26.76,25.940001,26.17,26.17,128383
2022-04-08,26.620001,26.82,25.450001,25.67,25.67,164000
2022-04-11,25.440001,25.610001,24.5,24.76,24.76,188580
2022-04-12,24.35,24.6,23.719999,24.280001,24.280001,194614
2022-04-13,24.1,24.389999,23.450001,24.360001,24.360001,167434
2022-04-14,24.389999,24.530001,23.85,24.129999,24.129999,115834
2022-04-19,24.040001,24.040001,22.860001,23.68,23.68,170739
2022-04-20,23.879999,24.1,23.33,23.870001,23.870001,107646
2022-04-21,23.870001,23.870001,23.870001,23.870001,23.870001,0
2022-04-22,23.870001,23.870001,23.870001,23.870001,23.870001,0
2022-04-25,22.5,22.83,21.620001,21.92,21.92,314992
2022-04-26,22.110001,22.120001,20.4,20.4,20.4,288084
2022-04-27,20.4,20.4,20.4,20.4,20.4,0
2022-04-28,20.08,20.25,19.334999,19.700001,19.700001,325071
2022-04-29,19.709999,20.969999,19.709999,20.299999,20.299999,211857
2022-05-02,20,20.59,19.27,20.5,20.5,223775
2022-05-03,20.26,21.049999,19.719999,20.32,20.32,229937
2022-05-04,20.450001,20.469999,19.459999,19.459999,19.459999,179240
2022-05-05,19.799999,20.790001,19.115,19.290001,19.290001,281166
2022-05-06,19.290001,19.290001,19.290001,19.290001,19.290001,0
2022-05-09,19.09,19.305,17.209999,17.465,17.465,336039
2022-05-10,17.645,18.254999,17.450001,17.625,17.625,236953
2022-05-11,17.625,17.625,17.625,17.625,17.625,0
2022-05-12,17.1,17.440001,16.450001,17.27,17.27,325213
2022-05-13,17.27,17.27,17.27,17.27,17.27,0
2022-05-16,18.174999,18.32,17.77,17.950001,17.950001,189057
2022-05-17,18.200001,18.504999,17.85,18.504999,18.504999,144010
2022-05-18,18.434999,19.004999,18.26,18.445,18.445,211319
2022-05-19,18.445,18.445,18.445,18.445,18.445,0
2022-05-20,19.09,19.99,18.895,19.629999,19.629999,165103
2022-05-23,19.895,20.18,19.27,19.334999,19.334999,115914
2022-05-24,19.09,19.09,18.485001,18.625,18.625,154736
2022-05-25,18.625,18.625,18.625,18.625,18.625,0
2022-05-26,19.35,20.18,18.969999,20.030001,20.030001,122432
2022-05-27,20.030001,20.030001,20.030001,20.030001,20.030001,0
2022-05-30,20.030001,20.030001,20.030001,20.030001,20.030001,0
2022-05-31,21.1,21.34,20.5,20.610001,20.610001,173177
2022-06-01,20.629999,20.690001,19.965,20,20,110505
2022-06-02,20,20,20,20,20,0
2022-06-03,20,20,20,20,20,0
2022-06-06,19.99,20.290001,19.82,19.945,19.945,64771
2022-06-07,19.67,20.200001,19.16,20.200001,20.200001,156338
2022-06-08,19.889999,21.43,19.855,21.299999,21.299999,225285
2022-06-09,21.15,21.77,20.6,20.809999,20.809999,202441
2022-06-10,20.540001,20.879999,18.82,18.82,18.82,290697
2022-06-13,18.5,18.545,17.285,17.465,17.465,257384
2022-06-14,18.5,18.584999,17.405001,17.610001,17.610001,215307
2022-06-15,18.799999,19.355,18.065001,18.459999,18.459999,365314
2022-06-16,18.23,18.34,17.475,17.6,17.6,184739
2022-06-17,17.605,18.955,17.555,18.74,18.74,377749
2022-06-20,18.940001,19.57,18.629999,19.57,19.57,93260
2022-06-21,19.815001,20.32,19.43,20.190001,20.190001,123769
2022-06-22,19.530001,19.855,18.469999,19.57,19.57,137316
2022-06-23,19.5,19.52,18.844999,19.295,19.295,77836
2022-06-24,19.02,19.860001,18.805,18.805,18.805,134383
2022-06-27,19.700001,20.68,19.405001,20.24,20.24,0
2022-06-28,20.299999,20.93,19.825001,20.26,20.26,240790
2022-06-29,19.615,19.950001,18.68,19.23,19.23,192910
2022-06-30,19.129999,19.135,18.200001,18.775,18.775,147131
2022-07-01,18.57,19.395,18.475,19.395,19.395,98710
2022-07-04,19.33,19.49,18.92,19.43,19.43,80887
2022-07-05,19.5,19.879999,18.465,19.055,19.055,230989
2022-07-06,19.200001,21.9,18.629999,21.709999,21.709999,721858
2022-07-07,21.809999,23.02,21.040001,22.860001,22.860001,334086
2022-07-08,22.469999,23.43,22.4,23.219999,23.219999,168094
2022-07-11,22.440001,23.440001,22.17,22.280001,22.280001,0
2022-07-12,22.280001,22.280001,22.280001,22.280001,22.280001,0
2022-07-13,21.280001,21.280001,20.07,20.93,20.93,100281
2022-07-14,20.83,21.059999,20.209999,20.360001,20.360001,101805
2022-07-15,20.280001,20.59,20.040001,20.540001,20.540001,120274
2022-07-18,20.540001,21.530001,20.530001,20.84,20.84,142008
2022-07-19,20.530001,21.77,20.34,21.700001,21.700001,146167
